<?xml version="1.0" encoding="utf-8"?>
<feed xmlns="http://www.w3.org/2005/Atom"
    xmlns:rdf="http://www.w3.org/1999/02/22-rdf-syntax-ns#"
    xmlns:leap2="http://terms.leapspecs.org/"
    xmlns:categories="http://wiki.leapspecs.org/2A/categories/"
    xmlns:portfolio="https://eportfolio.u-pec.fr/export/leap/3549/1663572154/"
    xmlns:mahara="http://wiki.mahara.org/Developer_Area/Import%2F%2FExport/LEAP_Extensions#"
>
    <leap2:version>http://www.leapspecs.org/2010-07/2A/</leap2:version>
    <id>https://eportfolio.u-pec.fr/export/3549/1663572154</id>
    <title>Mahara Leap2A Export for Fadi NEGHLAMI, 19/09/2022 09:22</title>
    <updated>2022-09-19T09:09:34+02:00</updated>
    <generator uri="https://mahara.org/" version="2008122400">Mahara</generator>
    <author>
        <name>Fadi NEGHLAMI</name>
        <email>fadi.neghlami@etu.u-pec.fr</email>
        <uri>portfolio:artefactinternal</uri>
    </author>

    <entry>
        <title>Découverte de Mahara</title>
        <id>portfolio:view30600</id>

        <updated>2022-09-19T09:09:31+02:00</updated>
        <published>2022-09-19T09:09:16+02:00</published>

        <summary type="xhtml"><div xmlns="http://www.w3.org/1999/xhtml"><div>mes premiers pas sur Mahara</div></div></summary>

   <subtitle type="xhtml"><div xmlns="http://www.w3.org/1999/xhtml"><div></div></div></subtitle>
        <content type="xhtml"><div xmlns="http://www.w3.org/1999/xhtml"><div><div id="user_block_131290"><div class="bt-text gridstackblock card card-secondary clearfix" id="user_blockinstance_131290">
    
    
        <div class="block-header quick-edit d-none">
    <a class="modal_link list-group-heading" href="#" title="Édition rapide">
        <span class="icon icon-pencil-alt" title="Édition rapide"></span>
        Édition rapide
    </a>
</div>

    
    
        <h2 class="title card-header js-heading">
            

            <span class="collapse-inline">
                bloc n°1
                
            </span>

            

        </h2>
    

    <div class="block" id="user_blockinstance_131290_target">
        
        
            

<div class="textblock card-body flush">
<p>c'est le premier bloc de ma page "Découverte de Mahara"</p>
</div>


        
    </div>
</div>
</div><div id="user_block_131315"><div class="bt-image gridstackblock card card-secondary clearfix" id="user_blockinstance_131315">
    
        <div class="block-header d-none">
    
        <a class="commentlink" href="#" title="">
        
            
                <span class="icon icon-plus" title="Commentaires et les détails"></span>
                Ajouter un commentaire
                <span class="bh-margin-left icon icon-search-plus"></span>
                Détails
            
        
        </a>
    
</div>

    
    
    
        <h2 class="title card-header js-heading">
            

            <span class="collapse-inline">
                bloc n°2
                
            </span>

            

        </h2>
    

    <div class="block" id="user_blockinstance_131315_target">
        
        
            <div class="imageblock card-body">
    <div class="image">
        
        <a class="modal_link" href="#">
            <img rel="leap2:has_part" href="portfolio:artefact86020" alt="Fadi-designstyle-cartoon-m.png" title="Fadi-designstyle-cartoon-m.png" />
        </a>
        
    </div>

    
</div>

        
    </div>
</div>
</div></div></div></content>
        <rdf:type rdf:resource="leap2:selection"/>

        <link rel="leap2:has_part" href="portfolio:artefact86020"/>


        <category term="Webpage" scheme="categories:selection_type#"/>





        <mahara:view mahara:newlayout="1" mahara:type="portfolio" mahara:ownerformat="6">
        
            
            <mahara:blockinstance mahara:blocktype="text" mahara:blocktitle="bloc n°1" mahara:positionx="0" mahara:positiony="0" mahara:height="3" mahara:width="4">
                
                    
                    <mahara:text>[&quot;&lt;p&gt;c&#039;est le premier bloc de ma page \&quot;D&amp;eacute;couverte de Mahara\&quot;&lt;\/p&gt;&quot;]</mahara:text>
                    
                
                    
                    <mahara:instructions></mahara:instructions>
                    
                
                
                
            </mahara:blockinstance>
            
            <mahara:blockinstance mahara:blocktype="image" mahara:blocktitle="bloc n°2" mahara:positionx="0" mahara:positiony="10" mahara:height="3" mahara:width="4">
                
                    
                    <mahara:artefactid>[&quot;portfolio:artefact86020&quot;]</mahara:artefactid>
                    
                
                    
                    <mahara:showdescription>[false]</mahara:showdescription>
                    
                
                    
                    <mahara:width>[&quot;&quot;]</mahara:width>
                    
                
                    
                    <mahara:retractable>[0]</mahara:retractable>
                    
                
                    
                    <mahara:retractedonload>[0]</mahara:retractedonload>
                    
                
                
                
            </mahara:blockinstance>
            
        
        </mahara:view>
    </entry>

    <entry>
        <title>Fadi-designstyle-cartoon-m.png</title>
        <id>portfolio:artefact86020</id>

        <updated>2022-09-19T09:09:19+02:00</updated>
        <published>2022-09-19T09:09:19+02:00</published>




        <content type="xhtml"><div xmlns="http://www.w3.org/1999/xhtml"><div></div></div></content>
        <rdf:type rdf:resource="leap2:resource"/>
        <mahara:artefactplugin mahara:type="image" mahara:plugin="file"/>
        <link rel="enclosure" type="image/png" href="export_info/files/86020-Fadi-designstyle-cartoon-m.png"/>
        <link rel="leap2:is_part_of" href="portfolio:view30600"/>


        <category term="Offline" scheme="categories:resource_type#" label="File"/>




    </entry>


</feed>
